Workbook

Sheet الاجهزة المستهدفة
A1: اسم الجهاز | B1: العطل | C1: تاريخ العطل | D1: عدد الاستخدام قبل العطل | E1: الاعراض التي ظهرت قبل العطل | F1: مدة ظهور الاعراض | G1: تاريخ اخر صيانة | H1: نوع الإصلاح الذي تم | I1: شدة العطل | J1: هل العطل مفاجئ | K1: تكرار المشكلة قبل العطل | L1: اثر العطل | M1: إمكانية التنبؤ بالعطل | N1: حالة العطل النهائية | O1: شدة العطل | P1: مفاجئ | Q1: اثر العطل | R1: تكرار المشكلة | S1: مدة ظهور الاعراض
A2: جهاز EDX | B2: يوجد انحراف في قراءة بعض العناصر | C2: 45715 | D2: بشكل مستمر | E2: لايوجد | F2: None | G2: في انتظار توفير القطعه | H2: شراء ديتكتور جديد | I2: عالي | J2: نعم | K2: غير معروف | L2: توقف كامل للعمل | M2: ضعيفة | N2: 1 | O2: =IF(M2="ضعيفة",1,IF(M2="متوسطة",2,IF(M2="عالية",3,""))) -> 1 | P2: =IF(J2="نعم",1,IF(J2="لا",0,"")) -> 1 | Q2: =IF(L2="لا يوجد",0,IF(L2="تأخير بسيط",1,IF(L2="تأخير عينات",2,IF(L2="توقف جزئي للعمل",3,IF(L2="توقف كامل للعمل",4,""))))) -> 4 | R2: =IF(K2="غير معروف",0,IF(K2="مرة",1,IF(K2="متكرر",2,IF(K2="مستمر",3,"")))) -> 0 | S2: =IF(F2="None",0,IF(F2="Same Day",1,IF(F2="Week",7,""))) -> 0
A3: جهاز اللزوجة | B3: عطل في حركة سير نقل العينات | C3: 2025 | D3: بشكل مستمر | E3: صوت + توقف جزئي | F3: Week | G3: 2025 | H3: تغيير منظم ضغط الهواء | I3: عالي | J3: لا | K3: مرة | L3: توقف جزئي للعمل | M3: عالية | N3: 1 | O3: =IF(M3="ضعيفة",1,IF(M3="متوسطة",2,IF(M3="عالية",3,""))) -> 3 | P3: =IF(J3="نعم",1,IF(J3="لا",0,"")) -> 0 | Q3: =IF(L3="لا يوجد",0,IF(L3="تأخير بسيط",1,IF(L3="تأخير عينات",2,IF(L3="توقف جزئي للعمل",3,IF(L3="توقف كامل للعمل",4,""))))) -> 3 | R3: =IF(K3="غير معروف",0,IF(K3="مرة",1,IF(K3="متكرر",2,IF(K3="مستمر",3,"")))) -> 1 | S3: =IF(F3="None",0,IF(F3="Same Day",1,IF(F3="Week",7,""))) -> 7
A4: جهاز الانسكاب | B4: صوت ضجيج وعدم القدرة على رفع الذراع | C4: 45774 | D4: بشكل مستمر | E4: صوت خفيف مع بطء | F4: Week | G4: 2025 | H4: بسبب ارتخاء السير تم شد السير وانحلت المشكلة | I4: متوسط | J4: لا | K4: مستمر | L4: توقف جزئي للعمل | M4: عالية | N4: 1 | O4: =IF(M4="ضعيفة",1,IF(M4="متوسطة",2,IF(M4="عالية",3,""))) -> 3 | P4: =IF(J4="نعم",1,IF(J4="لا",0,"")) -> 0 | Q4: =IF(L4="لا يوجد",0,IF(L4="تأخير بسيط",1,IF(L4="تأخير عينات",2,IF(L4="توقف جزئي للعمل",3,IF(L4="توقف كامل للعمل",4,""))))) -> 3 | R4: =IF(K4="غير معروف",0,IF(K4="مرة",1,IF(K4="متكرر",2,IF(K4="مستمر",3,"")))) -> 3 | S4: =IF(F4="None",0,IF(F4="Same Day",1,IF(F4="Week",7,""))) -> 7
A5: جهاز الفلاش | B5: عدم القدرة على قراءة درجة الحرارة | C5: 2022 | D5: بشكل مستمر | E5: لا تظهر النتائج | F5: Same Day | G5: 2023 | H5: بسبب وجود كربون على الحساس تم تنظيفة | I5: متوسط | J5: نعم | K5: مرة | L5: توقف جزئي للعمل | M5: متوسط | N5: 1 | O5: =IF(M5="ضعيفة",1,IF(M5="متوسط",2,IF(M5="عالية",3,""))) -> 2 | P5: =IF(J5="نعم",1,IF(J5="لا",0,"")) -> 1 | Q5: =IF(L5="لا يوجد",0,IF(L5="تأخير بسيط",1,IF(L5="تأخير عينات",2,IF(L5="توقف جزئي للعمل",3,IF(L5="توقف كامل للعمل",4,""))))) -> 3 | R5: =IF(K5="غير معروف",0,IF(K5="مرة",1,IF(K5="متكرر",2,IF(K5="مستمر",3,"")))) -> 1 | S5: =IF(F5="None",0,IF(F5="Same Day",1,IF(F5="Week",7,""))) -> 1
A6: جهاز التقطير | B6: عدم القدرة على قراءة النتائج | C6: 2024 | D6: بشكل مستمر | E6: لا تظهر النتائج | F6: Same Day | G6: 2024 | H6: وجود خدش في الحساس والسلك | I6: متوسط | J6: نعم | K6: مرة | L6: توقف جزئي للعمل | M6: متوسط | N6: 1 | O6: =IF(M6="ضعيفة",1,IF(M6="متوسط",2,IF(M6="عالية",3,""))) -> 2 | P6: =IF(J6="نعم",1,IF(J6="لا",0,"")) -> 1 | Q6: =IF(L6="لا يوجد",0,IF(L6="تأخير بسيط",1,IF(L6="تأخير عينات",2,IF(L6="توقف جزئي للعمل",3,IF(L6="توقف كامل للعمل",4,""))))) -> 3 | R6: =IF(K6="غير معروف",0,IF(K6="مرة",1,IF(K6="متكرر",2,IF(K6="مستمر",3,"")))) -> 1 | S6: =IF(F6="None",0,IF(F6="Same Day",1,IF(F6="Week",7,""))) -> 1

Sheet AI-Data
A1: Symptom_Duration | B1: Severity | C1: Sudden | D1: Operational_impact | E1: Repeatability | F1: Predictability | G1: Failure | H1: Device_Type | I1: Risk_Score | J1: Priority_Level | K1: Alert_Massage | L1: Maintenance_Strategy | M1: AI-Status | N1: AI_Recommendation
A2: 7 | B2: 3 | C2: 0 | D2: 4 | E2: 3 | F2: 3 | G2: 1 | H2: Viscometer | I2: =B2+C2+D2+E2 -> 10 | J2: =IF(I2>=8,"High",IF(I2>=5,"Medium","Low")) -> High | K2: =IF(TRIM(M2)="Critical","High-risk equipment: immediate action required",IF(TRIM(M2)="Warning","Moderate risk: inspection should be scheduled","Normal condition: continue routine monitoring")) -> High-risk equipment: immediate action required | L2: =IF(M2="Critical",IF(F2>=2,"Predictive Maintenance","Continuous Monitoring"),IF(M2="Warning","Preventive Maintenance","Normal Operation")) -> Predictive Maintenance | M2: =IF(I2>=8,"Critical",IF(I2>=5,"Warning","Normal")) -> Critical | N2: =IF(M2="Critical","Immediate Maintenance Required",IF(M2="Warning","Schedule Inspection","Continue Normal Operation")) -> Immediate Maintenance Required
A3: 0 | B3: 3 | C3: 1 | D3: 4 | E3: 0 | F3: 1 | G3: 1 | H3: EDX | I3: =B3+C3+D3+E3 -> 8 | J3: =IF(I3>=8,"High",IF(I3>=5,"Medium","Low")) -> High | K3: =IF(TRIM(M3)="Critical","High-risk equipment: immediate action required",IF(TRIM(M3)="Warning","Moderate risk: inspection should be scheduled","Normal condition: continue routine monitoring")) -> High-risk equipment: immediate action required | L3: =IF(M3="Critical",IF(F3>=2,"Predictive Maintenance","Continuous Monitoring"),IF(M3="Warning","Preventive Maintenance","Normal Operation")) -> Continuous Monitoring | M3: =IF(I3>=8,"Critical",IF(I3>=5,"Warning","Normal")) -> Critical | N3: =IF(M3="Critical","Immediate Maintenance Required",IF(M3="Warning","Schedule Inspection","Continue Normal Operation")) -> Immediate Maintenance Required
A4: 7 | B4: 2 | C4: 0 | D4: 3 | E4: 2 | F4: 2 | G4: 1 | H4: Flash Point | I4: =B4+C4+D4+E4 -> 7 | J4: =IF(I4>=8,"High",IF(I4>=5,"Medium","Low")) -> Medium | K4: =IF(TRIM(M4)="Critical","High-risk equipment: immediate action required",IF(TRIM(M4)="Warning","Moderate risk: inspection should be scheduled","Normal condition: continue routine monitoring")) -> Moderate risk: inspection should be scheduled | L4: =IF(M4="Critical",IF(F4>=2,"Predictive Maintenance","Continuous Monitoring"),IF(M4="Warning","Preventive Maintenance","Normal Operation")) -> Preventive Maintenance | M4: =IF(I4>=8,"Critical",IF(I4>=5,"Warning","Normal")) -> Warning | N4: =IF(M4="Critical","Immediate Maintenance Required",IF(M4="Warning","Schedule Inspection","Continue Normal Operation")) -> Schedule Inspection
A5: 0 | B5: 2 | C5: 1 | D5: 3 | E5: 1 | F5: 2 | G5: 1 | H5: Distillation | I5: =B5+C5+D5+E5 -> 7 | J5: =IF(I5>=8,"High",IF(I5>=5,"Medium","Low")) -> Medium | K5: =IF(TRIM(M5)="Critical","High-risk equipment: immediate action required",IF(TRIM(M5)="Warning","Moderate risk: inspection should be scheduled","Normal condition: continue routine monitoring")) -> Moderate risk: inspection should be scheduled | L5: =IF(M5="Critical",IF(F5>=2,"Predictive Maintenance","Continuous Monitoring"),IF(M5="Warning","Preventive Maintenance","Normal Operation")) -> Preventive Maintenance | M5: =IF(I5>=8,"Critical",IF(I5>=5,"Warning","Normal")) -> Warning | N5: =IF(M5="Critical","Immediate Maintenance Required",IF(M5="Warning","Schedule Inspection","Continue Normal Operation")) -> Schedule Inspection
A6: 1 | B6: 2 | C6: 1 | D6: 3 | E6: 1 | F6: 2 | G6: 1 | H6: Pour point | I6: =B6+C6+D6+E6 -> 7 | J6: =IF(I6>=8,"High",IF(I6>=5,"Medium","Low")) -> Medium | K6: =IF(TRIM(M6)="Critical","High-risk equipment: immediate action required",IF(TRIM(M6)="Warning","Moderate risk: inspection should be scheduled","Normal condition: continue routine monitoring")) -> Moderate risk: inspection should be scheduled | L6: =IF(M6="Critical",IF(F6>=2,"Predictive Maintenance","Continuous Monitoring"),IF(M6="Warning","Preventive Maintenance","Normal Operation")) -> Preventive Maintenance | M6: =IF(I6>=8,"Critical",IF(I6>=5,"Warning","Normal")) -> Warning | N6: =IF(M6="Critical","Immediate Maintenance Required",IF(M6="Warning","Schedule Inspection","Continue Normal Operation")) -> Schedule Inspection
A7: 7 | B7: 2 | C7: 0 | D7: 3 | E7: 2 | F7: 2 | G7: 1 | H7: Flash Point | I7: =B7+C7+D7+E7 -> 7 | J7: =IF(I7>=8,"High",IF(I7>=5,"Medium","Low")) -> Medium | K7: =IF(TRIM(M7)="Critical","High-risk equipment: immediate action required",IF(TRIM(M7)="Warning","Moderate risk: inspection should be scheduled","Normal condition: continue routine monitoring")) -> Moderate risk: inspection should be scheduled | L7: =IF(M7="Critical",IF(F7>=2,"Predictive Maintenance","Continuous Monitoring"),IF(M7="Warning","Preventive Maintenance","Normal Operation")) -> Preventive Maintenance | M7: =IF(I7>=8,"Critical",IF(I7>=5,"Warning","Normal")) -> Warning | N7: =IF(M7="Critical","Immediate Maintenance Required",IF(M7="Warning","Schedule Inspection","Continue Normal Operation")) -> Schedule Inspection
A8: 7 | B8: 3 | C8: 1 | D8: 4 | E8: 3 | F8: 3 | G8: 1 | H8: Flash Point | I8: =B8+C8+D8+E8 -> 11 | J8: =IF(I8>=8,"High",IF(I8>=5,"Medium","Low")) -> High | K8: =IF(TRIM(M8)="Critical","High-risk equipment: immediate action required",IF(TRIM(M8)="Warning","Moderate risk: inspection should be scheduled","Normal condition: continue routine monitoring")) -> High-risk equipment: immediate action required | L8: =IF(M8="Critical",IF(F8>=2,"Predictive Maintenance","Continuous Monitoring"),IF(M8="Warning","Preventive Maintenance","Normal Operation")) -> Predictive Maintenance | M8: =IF(I8>=8,"Critical",IF(I8>=5,"Warning","Normal")) -> Critical
A9: 7 | B9: 2 | C9: 1 | D9: 3 | E9: 2 | F9: 2 | G9: 1 | H9: Distillation | I9: =B9+C9+D9+E9 -> 8 | J9: =IF(I9>=8,"High",IF(I9>=5,"Medium","Low")) -> High | K9: =IF(TRIM(M9)="Critical","High-risk equipment: immediate action required",IF(TRIM(M9)="Warning","Moderate risk: inspection should be scheduled","Normal condition: continue routine monitoring")) -> High-risk equipment: immediate action required | L9: =IF(M9="Critical",IF(F9>=2,"Predictive Maintenance","Continuous Monitoring"),IF(M9="Warning","Preventive Maintenance","Normal Operation")) -> Predictive Maintenance | M9: =IF(I9>=8,"Critical",IF(I9>=5,"Warning","Normal")) -> Critical
A10: 1 | B10: 1 | C10: 1 | D10: 2 | E10: 1 | F10: 2 | G10: 1 | H10: Pour point | I10: =B10+C10+D10+E10 -> 5 | J10: =IF(I10>=8,"High",IF(I10>=5,"Medium","Low")) -> Medium | K10: =IF(TRIM(M10)="Critical","High-risk equipment: immediate action required",IF(TRIM(M10)="Warning","Moderate risk: inspection should be scheduled","Normal condition: continue routine monitoring")) -> Moderate risk: inspection should be scheduled | L10: =IF(M10="Critical",IF(F10>=2,"Predictive Maintenance","Continuous Monitoring"),IF(M10="Warning","Preventive Maintenance","Normal Operation")) -> Preventive Maintenance | M10: =IF(I10>=8,"Critical",IF(I10>=5,"Warning","Normal")) -> Warning
A11: 7 | B11: 2 | C11: 0 | D11: 3 | E11: 2 | F11: 2 | G11: 1 | H11: Flash Point | I11: =B11+C11+D11+E11 -> 7 | J11: =IF(I11>=8,"High",IF(I11>=5,"Medium","Low")) -> Medium | K11: =IF(TRIM(M11)="Critical","High-risk equipment: immediate action required",IF(TRIM(M11)="Warning","Moderate risk: inspection should be scheduled","Normal condition: continue routine monitoring")) -> Moderate risk: inspection should be scheduled | L11: =IF(M11="Critical",IF(F11>=2,"Predictive Maintenance","Continuous Monitoring"),IF(M11="Warning","Preventive Maintenance","Normal Operation")) -> Preventive Maintenance | M11: =IF(I11>=8,"Critical",IF(I11>=5,"Warning","Normal")) -> Warning
A13: 0 | B13: 0 | C13: 0 | D13: 0 | E13: 0 | F13: 1 | G13: 0 | H13: Viscometer | I13: Risk_Score | L13: Maintenance_Strategy | M13: AI-Status | N13: AI_Recommendation
A14: 0 | B14: 0 | C14: 0 | D14: 0 | E14: 0 | F14: 1 | G14: 0 | H14: EDX | I14: 0 | L14: Normal Operation | M14: Normal | N14: Continue Normal Operation
A15: 0 | B15: 0 | C15: 0 | D15: 0 | E15: 0 | F15: 1 | G15: 0 | H15: Flash Point | I15: 0 | L15: Normal Operation | M15: Normal | N15: Continue Normal Operation
A16: 0 | B16: 0 | C16: 0 | D16: 0 | E16: 0 | F16: 1 | G16: 0 | H16: Distillation | I16: 0 | L16: Normal Operation | M16: Normal | N16: Continue Normal Operation
A17: 0 | B17: 0 | C17: 0 | D17: 0 | E17: 0 | F17: 1 | G17: 0 | H17: Pour point | I17: 0 | L17: Normal Operation | M17: Normal | N17: Continue Normal Operation
A23: تفسير AI_Recommendation يتطلب صيانة فورية: Immediate Maintenance Required يحتاج فحص مجدول: Schedule Inspection استمر في التشغيل الطبيعي: Schedule Inspection | G23: شرح الاعمدة: Ai_Recommendation: التوصية النهائية من الذكاء الاصطناعي AI-Status: حالة الجهاز ( حرج , تحذير , طبيعي ) Maintenane_Strategy: استراتيجية الصيانة المقترحة Risk_Score: درجة الخطورة من 0 - 10 Divice_Type: نوع الجهاز Failure: هل يوجد عطل ؟ (1=نعم , 0=لا) Predictabilty: قابلية التنبؤ ( 1 منخفض , 3 عالي ) Repeatabilty: قابلية التكرار ( 0=منخفض , 3=عالي)

Sheet AI-Dashboard
A1: AI Predictive Maintenance Dashboard Last Update: May 2026
A3: Total Devices | B3: =COUNTA('AI-Data'!H2:H6) -> 5 | D3: Device | E3: Risk Score
A4: Critical Devices | B4: =COUNTIF('AI-Data'!M2:M7,"Critical") -> 2 | D4: Viscometer | E4: 10
A5: Warning Devices | B5: =COUNTIF('AI-Data'!M2:M7,"Warning") -> 4 | D5: EDX | E5: 8
A6: Normal Devices | B6: =COUNTIF('AI-Data'!M2:M7,"Normal") -> 0 | D6: Flash Point | E6: 7
D7: Distillation | E7: 7
A8: AI Dicision Logic | D8: Pour Point | E8: 7
A9: Risk Score ≥ 8 → Critical
A10: Risk Score 5-7 → Warning | D10: AI System Workflow
A11: Risk Score 0-4 → Normal | D11: Input Data
D12: ↓
A13: Status | B13: Count | D13: Risk Analysis
A14: Critical | B14: 2 | D14: ↓
A15: Warning | B15: 3 | D15: AI Classification
A16: Normal | B16: 1 | D16: ↓
D17: Maintenance Recommendation
D18: ↓
D19: Decision Support
A21: Executive AI Summary The AI system identified: - 2 Critical devices - 3 Warning devices - Highest risk score: Viscometer (10) - Immediate maintenance is recommended for critical equipment - Preventive maintenance is recommended for warning devices - The system supports proactive laboratory maintenance decisions
A32: AI Predictive Scenario If Predictability increases and Repeatability becomes frequent, the AI system may automatically upgrade the device status from Warning to Critical. Recommended action: Increase monitoring frequency and schedule preventive maintenance.

Sheet AI_Report
A1: Device Type | B1: AI Status | C1: Risk Score | D1: Priority Level | E1: Alert Massage | F1: Maintenance
A2: ='AI-Data'!H2 -> Viscometer | B2: ='AI-Data'!M2 -> Critical | C2: ='AI-Data'!I2 -> 10 | D2: ='AI-Data'!J2 -> High | E2: ='AI-Data'!K2 -> High-risk equipment: immediate action required | F2: ='AI-Data'!L2 -> Predictive Maintenance
A3: ='AI-Data'!H3 -> EDX | B3: ='AI-Data'!M3 -> Critical | C3: ='AI-Data'!I3 -> 8 | D3: ='AI-Data'!J3 -> High | E3: ='AI-Data'!K3 -> High-risk equipment: immediate action required | F3: ='AI-Data'!L3 -> Continuous Monitoring
A4: ='AI-Data'!H4 -> Flash Point | B4: ='AI-Data'!M4 -> Warning | C4: ='AI-Data'!I4 -> 7 | D4: ='AI-Data'!J4 -> Medium | E4: ='AI-Data'!K4 -> Moderate risk: inspection should be scheduled | F4: ='AI-Data'!L4 -> Preventive Maintenance
A5: ='AI-Data'!H5 -> Distillation | B5: ='AI-Data'!M5 -> Warning | C5: ='AI-Data'!I5 -> 7 | D5: ='AI-Data'!J5 -> Medium | E5: ='AI-Data'!K5 -> Moderate risk: inspection should be scheduled | F5: ='AI-Data'!L5 -> Preventive Maintenance
A6: ='AI-Data'!H6 -> Pour point | B6: ='AI-Data'!M6 -> Warning | C6: ='AI-Data'!I6 -> 7 | D6: ='AI-Data'!J6 -> Medium | E6: ='AI-Data'!K6 -> Moderate risk: inspection should be scheduled | F6: ='AI-Data'!L6 -> Preventive Maintenance
B7: Normal

Sheet Encoding
A1: شدة العطل
A2: النص | B2: الرقم
A3: منخفض | B3: 1
A4: متوسط | B4: 2
A5: عالي | B5: 3
A7: هل العطل كان مفاجئ
A8: النص | B8: الرقم
A9: نعم | B9: 1
A10: لا | B10: 0
A12: إمكانية التنبؤ بالعطل
A13: النص | B13: الرقم
A14: ضعيفة | B14: 1
A15: متوسطة | B15: 2
A16: عالية | B16: 3
A18: اثر العطل على التشغيل
A19: النص | B19: الرقم
A20: لا يوجد | B20: 0
A21: تأخير بسيط | B21: 1
A22: تأخير عينات | B22: 2
A23: توقف جزئي للعمل | B23: 3
A24: توقف كامل للعمل | B24: 4
A26: تكرار المشكلة قبل العطل
A27: مرة | B27: 1
A28: متكرر | B28: 2
A29: مستمر | B29: 3
A30: غير معروف | B30: 0
